codigo;diametro;peso;prefijo
1;8960,88;8272,33;A
2;1391,58;4562,22;C
3;8953,7;3795,99;B
4;3115,49;257,18;C
5;4451,61;231,34;A
6;1111,68;2736,09;B
7;5158,69;2245,06;B
8;2750,8;9152,02;A
9;339,7;5959,77;B
10;3633,84;2643,68;B
11;148,73;3861,17;A
12;942,13;8229,54;A
13;1357,69;2343,69;C
14;332,94;6583,66;C
15;6408,16;4599,27;B
16;6929,29;1251,34;A
17;2820,54;8059,43;C
18;9298,86;7175,16;A
19;4007,17;2489,52;A
20;3551,91;3718,55;C
21;2954,26;3739,52;C
22;5881,36;4,4;A
23;9673,54;1817,8;B
24;6100,85;3648,17;A
25;1735,62;2681,45;C
26;9280,57;9197,45;A
27;7520,33;4261,36;B
28;5377,39;641,02;C
29;2881,51;5776,82;A
30;4623,87;2943,61;A
31;824,61;6546,89;C
32;844,47;6049,35;A
33;5391,34;4944,06;C
34;679,72;8409,48;B
35;5725,61;4006,41;A
36;1640,05;4735,51;A
37;825,72;6707,14;B
38;5405,02;7335,12;A
39;2937,55;3867,54;B
40;4924,74;1200,66;A
41;4939,33;9760,52;A
42;2337,78;945,4;B
43;340,13;4117,16;B
44;1803,86;7259,7;B
45;873,11;6524,48;B
46;5118,77;5948,89;A
47;4642,91;5188,33;A
48;9859,58;5930,4;B
49;93,65;3145,33;B
50;2346,83;4239,64;C
51;5077,85;2409,58;B
52;1471,27;1034,96;B
53;7249,42;5652,61;C
54;7449,81;2261,27;B
55;7764,18;1614,74;B
56;5685,44;3831,11;B
57;7341,99;3852,14;B
58;7526,6;4631,21;B
59;8649,46;456,24;A
60;6247,28;9690,32;B
61;1927,08;8898,74;A
62;1113,35;4900,34;A
63;4263,95;9194,73;C
64;5684,58;9346,07;B
65;9537,81;2086,97;B
66;654,08;1164,81;B
67;2923,96;1275,42;B
68;3401,56;7278,93;B
69;801,27;7112,66;B
70;9910,92;6220,93;A
71;7122,57;4855,54;A
72;2267,66;4836,67;C
73;3063,22;7980,72;A
74;7705,58;6394;B
75;3308,78;5457,12;C
76;7136,97;7771,36;B
77;2533,09;4261,5;C
78;4184,61;2109,91;A
79;440,91;7591,15;A
80;6606,79;7628,22;B
81;8420,97;9961,22;A
82;452,27;5613,49;A
83;2586,28;6848,16;A
84;7119,88;8073,06;B
85;3859,42;9406,58;C
86;5117,54;8587,17;A
87;5832,83;3784,05;A
88;5906,11;8293,29;C
89;4452,1;722,98;C
90;7829,08;9854,23;A
91;9926,23;2952,2;A
92;4539,8;6704,44;C
93;2472,47;8292,14;A
94;2267,51;7116,66;A
95;7416,22;2624,32;C
96;9994,55;6613,41;C
97;6810,29;2653,39;A
98;9737,47;8027,76;C
99;5580,48;9084,66;A
100;5194,16;6929,54;A
101;7022,71;8489,34;A
102;393,36;7148,46;C
103;2024,74;5331,09;A
104;9239,85;8538,37;B
105;217,34;517,84;B
106;9320,74;7318,98;A
107;470;9620,16;C
108;9240,87;6752,05;B
109;2165,91;4273,96;C
110;6541,85;2744,64;B
111;1365,94;1753,1;B
112;5845,79;2906,89;B
113;4569,25;4271,31;A
114;4909,63;977,98;B
115;8680,48;4143,44;C
116;400,67;9916,61;A
117;4729,27;1489,07;C
118;8700,34;9704,42;A
119;2406,34;5655,04;C
120;9438,63;5475,69;B
121;8911,07;8116,46;C
122;1333,98;2733,78;C
123;8141,26;8839,66;C
124;1773,84;203,72;B
125;3273,97;3184,76;A
126;4784,87;2443,33;B
127;2232,79;7917,1;B
128;9109,73;3292,61;B
129;126,82;6181,64;B
130;7839,35;3035,9;C
131;914,06;2942,35;B
132;2822,66;8404,13;C
133;9733,25;3413,42;A
134;1240,32;432,5;B
135;5444,66;3452,52;C
136;2838,6;769,24;A
137;7480,5;5355,36;C
138;6776,54;8358,7;C
139;8676,38;1645,76;B
140;2875,7;768,2;A
141;881,93;5580,67;C
142;8956,64;4577,62;B
143;726,42;9924,54;B
144;8595,05;2928,41;A
145;3101,2;3747,78;A
146;1203,32;1347,61;C
147;2903,62;7810,16;A
148;7958,83;924,27;B
149;1927,42;291,04;C
150;8720,6;7064,42;C
151;691,86;4967,86;B
152;851,34;1152,48;C
153;8501,46;6476,35;A
154;76,2;5592,34;C
155;1761,97;3352,33;C
156;6485,59;1975,7;A
157;4296,35;2037,63;A
158;4803,17;7168,59;C
159;5028,01;7535,01;B
160;9419,03;5577,11;C
161;6523,46;8609,32;A
162;5397,12;1886,89;A
163;774,39;9606,38;C
164;8209,7;8418,55;B
165;3695,93;9979,76;B
166;7570,32;1578,08;C
167;5543,08;7699,91;A
168;3148,77;7267,23;A
169;1437,58;292,58;B
170;4007,62;2019,98;C
171;6666,64;4552,9;C
172;6368,25;126,34;A
173;7781,37;2339,23;B
174;7457,92;1523,34;B
175;4938,26;8293,96;B
176;5906,2;9154,89;B
177;34,64;9610,16;A
178;7887,21;7784,34;A
179;9103,74;8677,64;A
180;2009,15;331,96;A
181;3083,44;4225,76;A
182;340,64;6965,34;C
183;1500,26;5539,49;B
184;3462,66;8137,99;C
185;7570,67;106,99;C
186;7874,74;9243,92;B
187;4345,18;468,78;A
188;1664,07;9009,9;A
189;9895,06;6234,52;C
190;7095,22;1476,35;B
191;3413,34;6193,91;C
192;478,8;6100,47;B
193;1601,65;8966,86;C
194;9716,68;8564,14;C
195;9879,21;2147,12;A
196;9642,69;6998,1;C
197;5075,39;9964,72;C
198;1941,78;1111,92;B
199;658,46;6229,74;B
200;2198,19;9340,78;B
201;9954,71;9289,84;B
202;6414,93;3517,3;C
203;560,5;7841,35;B
204;8906,16;9847,79;B
205;1663,47;2322,36;C
206;3336,4;4610,1;C
207;4425,71;94,07;B
208;9742,03;5433,42;C
209;6913,33;4615,46;A
210;5712,73;4227,78;A
211;2216,87;3965,54;B
212;3469,16;452,82;A
213;3370,57;7761,36;A
214;3220,77;5460,6;C
215;8575,17;353,8;A
216;7508,24;9095,96;A
217;9096,31;8155,83;A
218;8578,59;1628,03;C
219;6773,14;5509,81;A
220;4650,15;6848,74;C
221;7012,44;7822,54;A
222;2419,77;855,23;A
223;4281,84;1228,83;B
224;1340,58;4855,99;C
225;1128,3;1406,48;B
226;334,73;5449,73;A
227;3702,99;7887,41;B
228;6700,03;1142,29;A
229;8505,14;2916,02;B
230;9214,47;8304,54;A
231;6844,21;7020,22;B
232;2496,3;3652,92;A
233;8140,1;5469,94;B
234;5976;4868,03;A
235;6298,21;3623,28;A
236;197,4;575,02;B
237;4870,04;92,27;C
238;147,05;1419,2;C
239;993,62;878,39;A
240;1776,87;5357,91;C
241;8702,29;1036,19;B
242;6846,19;1184,85;A
243;453,59;9269,71;C
244;6001,53;6501,16;A
245;5281,99;5232,51;A
246;1972,76;6922,02;B
247;1828,54;6130,87;A
248;3428,02;9682,92;A
249;5350,46;7617,58;B
250;8112,65;9771,66;C
251;2321,15;997,33;C
252;7974,69;6087,13;A
253;7801,41;8299,27;A
254;764,01;1200,32;C
255;4970,62;5224,99;C
256;3021,25;3573,73;B
257;9280,73;7219,31;C
258;9777,61;2575,28;B
259;1219,44;8919,76;B
260;3067,7;5059,6;C
261;7309,54;4738,66;A
262;9905,65;6174,52;B
263;8273,65;3555,58;B
264;3324,56;2343,74;A
265;3965,45;1073,14;B
266;5063,8;7485,39;A
267;1302,85;2034,09;A
268;31,81;4249,13;A
269;778,25;6685,48;A
270;4903,93;2591,07;A
271;444,64;7567,5;B
272;7757,62;9184,64;C
273;5931,88;5618,68;C
274;6520,55;5929,41;B
275;6616,43;9553,93;C
276;6457,62;6391,54;C
277;1023,09;4451,07;C
278;1416,17;3803,7;B
279;8352,46;3068,1;C
280;7663,92;4119,08;C
281;2627,94;4907,51;B
282;3170,29;3307,13;B
283;4798,78;481,14;B
284;1106,54;7838,9;A
285;5496,24;5550;A
286;6291,97;2810,47;C
287;4658,48;137,53;C
288;767,65;4619;A
289;6766,35;3532,73;A
290;6710,07;7626,94;B
291;638,52;5214,11;A
292;9452,28;4408,5;B
293;2373,98;1226,16;A
294;7746,7;803,95;C
295;4913,16;1644,06;C
296;7580,22;219,04;C
297;564,23;180,48;B
298;7950,16;301,93;A
299;8905,56;1638,52;C
300;2188,1;8303,75;A
301;4976,15;4680,46;C
302;7484,09;7889,21;A
303;4140,49;9637,82;A
304;4774,6;6648,15;C
305;4941,82;4292,03;A
306;6808,08;8212,82;B
307;9475,2;9928,02;B
308;2468;6122,07;A
309;248,84;6227,58;A
310;9691,28;3717,41;A
311;5302,06;1349,65;A
312;2185,61;6851,1;A
313;2289,92;5433,25;B
314;5295,96;7912,31;A
315;2070,47;2590,94;C
316;3029,88;6535,08;B
317;6507,49;1717,36;A
318;6831,82;5384,94;B
319;3805,56;5525,66;C
320;3508,68;2823,2;B
321;8046,55;7713,23;A
322;216,4;6631,54;C
323;1505,61;9409,06;A
324;1261,53;8598,07;B
325;5790,7;9044,35;B
326;2536,59;4151,13;C
327;976,17;8803,45;A
328;5643,71;8589,73;C
329;9156,57;3401,55;C
330;7150,75;4509,31;A
331;6885,8;4994,88;C
332;627,35;8709,76;C
333;9893,93;9477,33;A
334;4747,87;3853,02;C
335;726,14;7319,44;C
336;1617,6;9632,07;B
337;3837,19;8859,06;C
338;5961,53;4875,18;A
339;9038,06;1055,5;A
340;6945,06;5958,21;C
341;6051,44;3005,17;A
342;4348,85;9102,35;A
343;1767,98;6114,82;A
344;2853,84;139,99;A
345;1203,99;504,94;C
346;4681,26;7581,67;B
347;8186,4;1516,9;A
348;2963,54;6554,65;B
349;6378,39;7614,66;C
350;9063,79;6387,76;B
351;3880,62;7124,94;B
352;4371,8;1645,22;B
353;1888,57;1205,65;C
354;3010,71;1113,61;A
355;8403,87;7254,7;B
356;9581,9;2012,21;A
357;9432,87;290,09;A
358;1867,94;6175,63;A
359;4848,23;2178,25;B
360;5706,35;8767;C
361;6774,05;6253,92;C
362;3788,95;5694,72;C
363;1773,16;9315,83;A
364;4609,23;3394,59;C
365;4302,37;720,59;B
366;5841,77;4916,61;C
367;5923,06;4084,69;C
368;8415,59;263,39;C
369;5708,77;1806,82;A
370;371,33;6416,15;B
371;9777,03;4709,26;B
372;6396,21;6991,59;A
373;6888,24;5257,1;A
374;5455,98;5319,14;B
375;2902,56;9479,87;A
376;9803,83;531,41;A
377;6970,65;3217,77;B
378;9415,2;4521,15;C
379;1168,23;4208,4;C
380;562,2;8760,04;A
381;8930,07;8722,19;B
382;950,11;9544,25;C
383;8353,49;3226,95;C
384;6408,69;6744,54;C
385;9703,44;7736,49;C
386;2849,39;3297,76;A
387;6199,05;215,55;B
388;9850,96;6077,2;B
389;1835,56;2472,28;A
390;9157,67;9017,64;A
391;7651,3;1352,86;C
392;4501,01;7673,47;A
393;6022,64;8203,31;A
394;46,12;4734,34;C
395;2469,28;6752,7;C
396;6486,84;9115,07;C
397;8663,41;1571,58;B
398;5813,3;6392,08;C
399;9689,24;3327,26;A
400;3781,82;1448,31;C
401;6971,37;9967,93;C
402;8010,21;9839,62;A
403;4563,1;2161,1;C
404;178,56;3510,26;B
405;9133,34;7369,09;C
406;1170,83;1047,38;A
407;6424,34;4509,15;A
408;679,42;1095,76;A
409;5099,36;5512,73;B
410;7340,14;8690,43;A
411;2824,28;9627,07;A
412;2319,29;5009,13;C
413;5854,07;6327,16;C
414;775,51;3723,53;B
415;6635,82;9838,68;A
416;4026,56;3294,72;B
417;178,05;597,67;C
418;6577,81;4975,37;A
419;608,1;4164,38;B
420;8163,89;6768,03;C
421;8258,75;5036,07;C
422;268,03;2895,31;A
423;5386;2067,67;A
424;1208,79;329,73;B
425;620,7;3801,72;A
426;2414,15;6452,74;A
427;3467,81;8677,54;A
428;7775,64;4781,13;A
429;7816,44;7429,59;A
430;6763,95;906,8;C
431;722,2;1589,36;A
432;9822,52;6246,87;A
433;6745,68;2535,96;C
434;5641,13;9697,19;A
435;1077,54;3616,61;A
436;7844,85;3407,73;C
437;4464,06;7565,46;A
438;6009,58;4415,37;C
439;4044,63;899,07;B
440;9362,18;2671,32;A
441;673;2918,06;B
442;5659,18;3187,46;A
443;1784,84;9688,81;C
444;2679,33;4530,04;C
445;2462,65;4810,11;B
446;166,99;3849,69;C
447;2715,7;2112,82;C
448;6726,77;237,89;A
449;782,6;3461,98;B
450;3764,47;3332,26;C
451;1751,53;7742,59;C
452;8013,57;6037,51;B
453;6864,19;5162,66;B
454;1375,18;3568,71;C
455;4855,8;990,57;B
456;238,2;1518,49;A
457;4891,4;9094,56;C
458;6465,61;583,38;B
459;4221,42;3601,95;B
460;5794,45;5027,3;B
461;9943,54;9364,4;A
462;7837,71;531,28;B
463;4762,52;6492,09;C
464;1452,63;3866,69;A
465;8644,42;3382,23;B
466;540,69;7782,49;B
467;2531,72;6309,57;B
468;268,23;3962,13;B
469;1729,03;10,11;A
470;172,34;2670,59;B
471;1625,68;1455,06;B
472;8981,76;7649,3;B
473;7954,48;95,43;A
474;2429,94;3447,7;C
475;3113,9;9427,86;C
476;9111,05;2636,29;B
477;1427,64;2659,8;B
478;8884,89;2827,1;B
479;1748,18;2016,69;C
480;6729,45;6263,99;A
481;3353,72;7051,27;C
482;7645,24;8775,48;C
483;8213,8;5881,06;B
484;3224,41;9289,96;C
485;7531,56;257,87;A
486;8205,6;199,82;B
487;535,48;9912,72;C
488;8558,22;6175,42;C
489;4053,18;6414,81;B
490;8992,31;2964,35;B
491;2324,04;2087,71;A
492;6978,03;9759,93;A
493;3425,76;5144,71;C
494;5806,67;2643,69;A
495;575,19;6372,6;B
496;5662,39;6801,88;B
497;283,55;6098,89;A
498;6786,07;40,58;C
499;8081,01;3971,01;A
500;2239,11;423,86;B
501;6654,96;3752,77;C
502;658,09;7736,63;A
503;2434,01;4011,04;B
504;397,82;6135,3;A
505;798,68;4835,81;C
506;4191,59;1623,9;B
507;1688,94;9348,49;B
508;2980,74;6765,53;B
509;104,65;7600,49;B
510;4043,93;4757,97;A
511;5862,79;6073;B
512;8979,79;1969,37;A
513;1389,43;5482,74;C
514;1904,27;8310,71;C
515;6838,17;203,5;A
516;3975,75;3863,38;C
517;8628,47;7022,04;A
518;2352,24;7711,99;A
519;6169,31;5781,13;C
520;750,31;1929,42;C
521;3197,1;9190,8;C
522;7168,82;9690,17;A
523;7448,05;501,34;B
524;736,01;4867,29;C
525;9539,83;7003,11;A
526;5415,33;4888,62;A
527;9816,98;4425,87;A
528;7010,66;6544,1;C
529;6349,5;2776,25;C
530;4808,22;8362,94;B
531;7193,43;2956,94;A
532;8293,69;4333,34;C
533;8399,95;338,51;C
534;6325,76;5655,75;A
535;1944,45;1939,55;C
536;6906,66;3404,19;C
537;7092,79;2558,35;B
538;3612,81;3519,08;B
539;9873,17;2351,07;B
540;1775,78;9694,55;A
541;4523,66;6988,89;A
542;9658,98;5568,86;A
543;446,08;8820,06;C
544;9408,61;8142,16;B
545;5439,05;1556,15;C
546;2836,1;8334,52;C
547;7564,5;7531,99;A
548;3356,3;4202,46;A
549;2777,9;1618,96;B
550;2400,49;7944;B
551;6649,3;9567,93;B
552;331,86;4508;A
553;7491,38;9880,37;C
554;2679;2681,4;B
555;3082,7;8335,5;C
556;1873,73;187,97;C
557;4104,97;1324,79;A
558;8215,61;2982,77;C
559;1380,03;2577,28;A
560;3968,91;9311,5;C
561;2241,76;3832,15;B
562;7344,3;1482,7;A
563;1777,66;7259,42;A
564;9908,68;6107,54;C
565;3522,46;4475,54;C
566;3086,92;5759,41;A
567;550,73;2494,82;A
568;548,83;1533,64;C
569;8736,21;4539,32;B
570;8421,89;2507,57;A
571;7466,85;454,31;A
572;7278,97;8471,44;B
573;4316,92;753,24;C
574;1310,37;8685,26;A
575;3943,83;5002,03;C
576;8828,16;4281,84;C
577;4957,45;3750,02;B
578;5278,48;5580,83;A
579;1960,05;4388,69;A
580;4013,85;3261,68;A
581;2048,2;1064,93;C
582;5212,15;5625,17;A
583;2041,59;9971,8;A
584;9894,48;3659,95;A
585;4173,25;9018;A
586;5936,48;6546,19;B
587;789,35;6169,72;A
588;5373,97;3033,67;B
589;7375,54;476,53;C
590;6787;3101,6;C
591;6687,44;2361,34;C
592;3187,18;7060,02;B
593;5429,09;7890,21;C
594;687,05;1047,13;A
595;3116,41;8012,25;C
596;70,05;749,89;A
597;4935,76;1775,71;B
598;1909,02;9158,03;C
599;5493,36;6436,29;A
600;3537,22;3220,68;B
601;3831,89;2538,32;C
602;6089,67;2844,34;A
603;3317,83;6905,44;C
604;8935,27;8005,85;A
605;4871,05;7014,77;B
606;3244,8;9947,47;B
607;6221,56;5337,69;A
608;2067,36;6426,79;A
609;5648,79;9832,09;A
610;3866,09;8745,66;C
611;4109,54;2920,17;A
612;1994,47;7935,89;A
613;2543,34;6277,1;A
614;209,92;441,65;C
615;1464,6;5650,95;A
616;750,04;9864,59;A
617;8715,15;7050,29;C
618;3080,91;9388,02;A
619;8008,22;9931,02;A
620;1287,79;236,41;A
621;1085,53;4786,56;A
622;8527,81;9018,26;A
623;5290,49;1191,2;C
624;7640,55;8551,51;B
625;973,21;2589,58;A
626;2233,61;9963,63;C
627;6274,97;5941,31;B
628;8857,51;5664,5;A
629;8279,19;1809,39;B
630;1440,03;6778,43;C
631;7116,18;956,15;A
632;5905,72;8682,3;A
633;6601,85;2484,39;A
634;1136,87;587,19;C
635;5869,81;2378,35;C
636;7007,97;3908,15;C
637;4254,95;4501,83;C
638;4456,18;1220,57;C
639;4295,6;6564,93;A
640;2517,12;9633,53;C
641;3459,43;7239,12;A
642;6039,98;9750,21;A
643;8638,95;8964,48;C
644;3585,1;6363,81;B
645;2469,53;3870,03;C
646;2242,34;4224,77;C
647;816,44;3242,66;A
648;9354,1;3911,68;C
649;5965,2;7262,6;C
650;9315,84;320,76;A
651;6198,13;9039,45;B
652;8729,73;7212,05;B
653;6160,6;8614;B
654;3360,93;8962,19;A
655;5690,02;492,04;C
656;9343,41;1206,14;A
657;7121,41;5052,88;A
658;5771,35;2427,09;A
659;1326,81;1704,3;C
660;7024,81;9737,33;B
661;4851,4;1388,13;C
662;8023,29;1406,02;A
663;3679,97;3680,56;A
664;8652,87;8133,65;A
665;8019,71;6009,25;A
666;462,18;6561,87;B
667;8254,51;3022,19;B
668;17,81;8391,59;A
669;260,06;9857,47;A
670;2215,11;396,74;C
671;8744,26;8621,06;B
672;1228,65;8364,6;C
673;4881,61;264,89;B
674;7271,75;1029,29;B
675;4454,33;780,95;B
676;4374,64;5447,54;A
677;4643,02;7623,72;C
678;9950,07;6409,49;B
679;7555,79;8400,48;B
680;548,9;4203,64;B
681;5614,13;6730,24;A
682;7644,82;6371,52;C
683;1716,21;4249,81;B
684;107,28;4717,7;B
685;3206,43;4587,93;B
686;1600,45;4665,1;C
687;5976,28;7172,87;C
688;4626,18;4742,77;B
689;8421,25;1695,99;B
690;8985,91;8984,47;B
691;9122,03;8493,7;A
692;5168,9;8519,77;B
693;3237,27;7803,82;A
694;3798,53;6747,92;B
695;4093,19;4166,02;A
696;4192,04;796,9;B
697;2601,36;7218,66;C
698;20,06;3040,32;C
699;3622,85;4985,15;A
700;788,23;7799,23;A
701;6571,88;7283,11;C
702;5601,67;8046,73;A
703;7028,98;6135,92;C
704;7588,14;1629,58;A
705;2311,3;5032,4;B
706;4940,31;4198,47;C
707;980,56;1256,54;C
708;1109,86;8790,12;B
709;8580,41;6362,39;B
710;4682,2;9103,15;A
711;2971,15;6863,31;B
712;7418,06;2711,6;B
713;6707;5132,48;C
714;8605,03;559,84;C
715;8175,1;5227,36;A
716;8909,94;8974,93;A
717;5667,67;7102,83;A
718;8866,9;268,57;B
719;1996,64;9606,33;A
720;3982,66;5415,34;C
721;6379,03;8725,35;C
722;2367,87;1431,38;A
723;2693,53;6087,91;B
724;6840,7;2853,22;B
725;2882,48;5162,38;C
726;9557,35;8058,67;B
727;4194,37;2109,69;A
728;7363,86;6499,44;A
729;234,63;5657,32;B
730;2135,75;4035,32;C
731;1483,87;1297,96;A
732;5343,87;471,1;C
733;9073,93;3753,16;A
734;6760,63;4908,93;C
735;7067,82;141,63;C
736;8112,09;9394,57;A
737;3637;2395,03;C
738;3002,78;3169,1;C
739;8651,74;9229,52;C
740;6335,34;9515,37;C
741;5252,32;6518,66;A
742;3690,94;2767,35;B
743;920,27;8413,91;B
744;8875,93;4645,4;B
745;1664,4;4428,88;A
746;9703,48;6226,6;B
747;4077,48;4948,54;C
748;5546,46;2937,74;A
749;3791,69;7445,54;B
750;7806,39;4557,03;A
751;9954,07;2683,29;C
752;6866,6;5284,69;B
753;3047,76;8289,72;C
754;3974,97;7105,86;C
755;6617,49;713,92;B
756;5001,32;3953,17;A
757;5558,56;9714,38;A
758;805,38;8240,86;A
759;9212,16;9214,31;A
760;2896,33;2901,66;C
761;3483,63;3966,56;C
762;9116,97;8831,09;A
763;7505,31;208,29;B
764;6430,73;293,01;C
765;595,4;5548,25;C
766;5563,31;7897,5;C
767;1116,43;5241,66;C
768;1064,23;7317,01;A
769;9256,29;9441,15;B
770;4834,46;551,3;B
771;6392,51;9222,67;C
772;6031,68;5053,59;B
773;8502,75;6873,4;B
774;8584,1;8724,97;B
775;967,02;5500,8;C
776;5080,75;8356,04;C
777;7415,49;1480,88;C
778;8927,65;3859,82;C
779;1509,62;7446,63;C
780;9839,16;1074,72;B
781;7855,32;6826,36;B
782;3680,3;9574,77;B
783;5504,43;3124,54;B
784;9329,52;2247,63;B
785;7424,43;456,39;C
786;5243,59;9811,99;A
787;1737,85;7764,46;B
788;2197,25;8081,32;C
789;3289,93;8787,96;A
790;2955,85;1932,1;B
791;4516,02;2079,27;A
792;7040,94;121,74;A
793;2681,38;5782,56;A
794;3504,71;302,11;B
795;2153,11;9747,15;C
796;4809,9;1622,78;B
797;1206,02;6922,14;B
798;8859,68;8396,89;B
799;3057,67;9135,01;C
800;4718,94;1189,26;B
801;3310,33;1098,73;C
802;9667,23;8161,37;A
803;5263,17;9005,81;B
804;4099,04;7126,88;B
805;5679,31;4207,69;C
806;1560,4;6375,9;A
807;3357,66;3977,03;B
808;8812,99;9504,91;A
809;3977,46;3490,15;B
810;1213,87;4254,29;B
811;9419,3;1815,9;A
812;3954,56;2904,05;C
813;6019,22;5557,23;C
814;3548,95;8954,69;A
815;433,9;2208,78;A
816;1016,78;2608,74;A
817;5817,48;4921,03;A
818;8218,27;2568,79;A
819;5175,81;902,16;B
820;6985,24;7834,52;A
821;9324,42;2677,95;C
822;8542,02;5601,51;C
823;1608,51;6918,7;C
824;1392,52;8192,17;C
825;3748,94;3618,28;B
826;1727,83;7287,07;C
827;7358,18;7890,74;C
828;9257,43;2111,64;A
829;1100,64;5148,02;B
830;141,94;981,72;C
831;2830,78;6534,06;A
832;4229,54;3259,54;C
833;6807,51;5262,17;B
834;6815,69;9553,58;C
835;4149,99;3345,19;B
836;3802,76;4828,69;B
837;8392,96;6208,53;A
838;3317,74;3793,93;C
839;4464,55;2844,01;C
840;4979,51;4101,26;A
841;5013,35;6370,39;C
842;7187,69;2042,16;C
843;1573,29;3504,88;C
844;9607,54;6767,31;B
845;6385,45;7316,86;B
846;9950,53;8162,87;B
847;2948,33;8594,3;A
848;3165,63;5286,25;A
849;1768,51;7786,91;B
850;2169,72;3298,45;C
851;4467,55;7854,29;B
852;1686,11;1216,31;A
853;7324,49;8576,04;C
854;6820,72;8172,73;B
855;2477,95;3212,61;A
856;1019,18;3352,34;A
857;5593,05;5640,9;B
858;9278,7;3375;B
859;6091,67;2202,58;A
860;4987,97;7521,68;B
861;1947,88;4638,86;C
862;8549,5;4671,79;A
863;7234,41;3452,25;A
864;8654,44;2480,3;A
865;9560,16;1068,55;A
866;9199,58;9493,22;C
867;7078,84;5819,23;A
868;4289,35;6126,5;B
869;4680,69;105,23;C
870;2722,43;9766,44;A
871;3115,1;3285,86;C
872;3537,42;4055,47;B
873;7426,18;8948,65;B
874;6903,14;1674,32;C
875;7361,78;866,29;B
876;6616,01;1509,34;B
877;8040,74;9068,08;C
878;5135,61;6154,66;A
879;4165,33;9347,96;A
880;9337,13;3262,13;B
881;5798,28;6765,64;B
882;2126,91;3080,19;A
883;9742,67;4165,45;B
884;1767,74;8426,16;B
885;8173,9;5982,01;C
886;4922,09;7575,33;C
887;1272,44;6615,8;C
888;65,96;7435,81;B
889;9276,96;424,67;B
890;2876,16;6856,68;C
891;3533,25;1964,89;B
892;8431,26;2096,93;A
893;8920,35;2148,49;A
894;6423,63;1711,44;C
895;4699,37;3587,94;C
896;2230,45;2327,9;B
897;5378,3;6962,12;C
898;3926,7;4353,8;B
899;9178,02;9162,81;A
900;4323,43;1756,35;C
901;7501,42;6850,84;B
902;6977,34;646,39;C
903;6120,07;8350,17;C
904;8588,76;6013,49;A
905;1490,75;6509,07;C
906;4700,27;6727,3;B
907;3682,36;6077,13;C
908;2331,31;8976,05;A
909;4755,58;5233,43;C
910;8398,89;7943,7;B
911;9150,34;5918,19;A
912;5175,58;6330,66;A
913;4677,24;1081,5;A
914;5746,62;1273,56;A
915;8624,06;3100,99;B
916;5257,82;5483,54;A
917;156,71;5274,79;C
918;1484,12;1528,65;B
919;7965,13;8051,74;A
920;3352,91;3786,52;C
921;2888,01;7186,83;B
922;2384,55;5254,65;A
923;4689,39;8865,99;C
924;5983,66;6306,3;C
925;5458,85;7654,92;B
926;2241,84;8913,85;C
927;7159,94;4046,25;A
928;6592,93;5016,65;C
929;1381,9;6644,18;B
930;9987,73;1677,15;C
931;672,69;1747,79;A
932;1032;6200,64;C
933;3308,32;7341,89;C
934;7920,98;4966,38;B
935;4526,84;9099,84;A
936;8729,75;7201,61;B
937;2345,85;8023,85;B
938;6756,29;182,48;B
939;670,4;5968,95;A
940;1808,2;9370,49;C
941;5368,75;1124,04;B
942;1835,15;4293,85;C
943;3333,67;3332,74;B
944;7946,45;5895,13;A
945;8774;6399,22;A
946;5869,71;7791,66;C
947;7578,01;3092,46;C
948;2312,19;7265,57;A
949;6803,39;453,27;B
950;4453,47;7868,73;B
951;243,65;3055,81;C
952;7685,7;9517,69;C
953;4386,2;9023,56;B
954;1667,19;4335,32;C
955;4671,41;1465,89;A
956;1562,55;2757,14;C
957;6820,48;1959,91;A
958;5318,19;7720,84;B
959;4085,54;8879,6;B
960;1879,32;306,61;B
961;27,1;8835,51;B
962;337,63;1045,64;C
963;440,34;8212,32;A
964;1391,2;656,2;A
965;732,44;4862,71;C
966;2333,93;2106,26;B
967;4102,18;6691,28;A
968;1005,28;5963,84;B
969;7967,88;5045,7;A
970;2517,33;1793,72;B
971;1532,63;832,63;C
972;331,5;2726,85;C
973;6564,33;5086,69;C
974;3753,93;1446,29;A
975;6834,57;1066,21;B
976;7355,8;7560,27;A
977;2632,82;8135,39;A
978;7486,33;9729,32;C
979;2719,33;235,41;A
980;1890,76;9996,23;A
981;1276,04;9877,09;B
982;3394,76;4783,78;B
983;2246,82;7985,13;C
984;2150,32;5587,8;A
985;7067,23;910,13;B
986;8641,72;968,52;B
987;1021,52;6205,31;B
988;9262,18;3327,23;B
989;6935,66;5942,27;B
990;7251,6;3335,38;A
991;6091,16;8831,83;C
992;7670,84;642,73;B
993;4239,75;1096,63;A
994;624,32;3785,3;A
995;3895,24;8641,1;B
996;9452,06;8343,6;B
997;9371,4;8748,49;B
998;2568,11;4263,11;C
999;8817,62;879,32;A
1000;3259,02;1906,56;C
1001;5416,78;1394,13;C
1002;8075,55;1121,49;C
1003;9194,43;5762,77;A
1004;2205,32;9629,31;A
1005;3744,99;4004,72;B
1006;7213,48;8308,31;C
1007;161,58;4173,85;C
1008;7096,11;897,84;B
1009;3999,78;1064,01;C
1010;3130,1;9966,48;C
1011;2854,32;8897,38;B
1012;2515,07;812,43;A
1013;9079,43;8042,07;A
1014;6233,64;5272,35;B
1015;8521,4;8140,25;C
1016;4928,14;3156,21;B
1017;4981,86;6424,49;C
1018;4949,48;1686,66;B
1019;5574,48;4660,54;B
1020;5973,87;227,44;C
1021;675,64;9776,77;A
1022;1366,35;2359,29;B
1023;7610,04;8625,55;C
1024;3342,92;7531,23;C
1025;4433,79;764,8;B
1026;6266,96;7984,06;B
1027;4347,34;8677,89;C
1028;3692,95;647,68;B
1029;3005,99;3348,14;A
1030;6672,85;7122,95;C
1031;9202,61;1783,63;B
1032;2428,12;6848,87;B
1033;3265,76;8535,07;C
1034;3527,06;6761,49;A
1035;9877,87;4328,24;A
1036;3486,15;4146,5;B
1037;9210,85;5924,96;C
1038;9075,99;3441,54;A
1039;4772,43;4789,54;B
1040;5432,74;9563,3;C
1041;7385,6;9270,61;C
1042;9330,24;7922,32;A
1043;2068,5;6301,68;B
1044;1184,83;6283,87;C
1045;1464,96;4659,81;B
1046;7414,27;5244,71;C
1047;355,79;4859,13;C
1048;6963,29;1233,53;A
1049;9906,26;9482,49;B
1050;6581,8;3184,36;B
1051;2938,5;2567,54;A
1052;9883,07;1340,11;C
1053;2006,87;8217,01;C
1054;984,13;9218,87;C
1055;9446,84;3177,04;C
1056;3925,18;2324,57;A
1057;174,47;1293,79;A
1058;5652,87;2400,46;B
1059;33,98;1344,96;B
1060;5778,04;2080,57;C
1061;3352,91;7676,45;C
1062;2224,34;9968,13;A
1063;6797,11;9666,99;A
1064;6723,27;4461,41;C
1065;4404,94;727,99;C
1066;6557,79;6939,56;B
1067;168,61;8109,66;A
1068;387,79;5262,19;A
1069;4828,19;5486,43;A
1070;5082,96;5792,85;B
1071;108,92;3794,78;A
1072;8199,18;1230,24;A
1073;9065,85;4047,17;A
1074;7817,91;3668,68;C
1075;4991,34;2977,64;C
1076;4270,69;6879,26;B
1077;1251,91;3098,18;B
1078;7128,77;9970,62;A
1079;6314,35;7086,5;C
1080;2076,85;1841,23;B
1081;765,58;3972,37;A
1082;4731,72;3827,32;C
1083;5703,12;3023,94;A
1084;6150,63;8343,85;A
1085;9660,46;6495;B
1086;7273,26;2511,79;B
1087;9124,04;9621,45;C
1088;9806,64;8352,33;A
1089;3544,87;1703,31;C
1090;4038,08;8077,23;C
1091;9263,2;4239,58;C
1092;3942,87;3556,98;C
1093;1431,88;7669,11;C
1094;120,3;2910,86;A
1095;2703,74;7387,22;C
1096;9780,4;3197,25;A
1097;6319,55;5972,56;B
1098;2963,69;3676,73;C
1099;7195,59;5591,93;C
1100;9813,77;9894,57;A
1101;322,36;4594,14;A
1102;4785,49;5929,22;A
1103;6361,38;7535,18;B
1104;344,47;5518,48;C
1105;5798,09;1089,78;A
1106;5674,79;4788,41;C
1107;5976,29;4515,72;A
1108;8846,6;4773,34;A
1109;3160,51;6667,83;B
1110;9956,86;3723,45;B
1111;4474,52;9431,84;C
1112;4308,33;3794,57;B
1113;3070,94;6888,54;B
1114;6389,25;6477,17;A
1115;3135,18;4861,36;A
1116;1065,79;9615,12;C
1117;7379,19;1809,85;B
1118;274,07;5008,38;B
1119;8369,7;1756,19;A
1120;9102,09;5126,76;C
1121;5296,26;2405,77;C
1122;9992,76;1569,85;A
1123;7035,87;6900,58;B
1124;3257,53;2919,36;A
1125;3299,06;8379,39;B
1126;9808,21;75,22;B
1127;708,41;6971,23;B
1128;9452,51;8983,11;A
1129;4669,63;8743,92;B
1130;9415,46;2041,22;A
1131;5193,28;9710,78;C
1132;8815,55;5966,99;B
1133;7875,98;2228,01;B
1134;6529,08;1854,27;A
1135;4197,61;8687,43;C
1136;6954,66;9596,89;C
1137;5133,14;4124,56;C
1138;3315,9;4990,63;B
1139;6699,03;8237,65;B
1140;1552,29;7386,41;A
1141;4668,64;6978,58;C
1142;3065,6;446,97;B
1143;8039,8;1569,92;B
1144;5222,05;9077,37;B
1145;4631,41;653,13;C
1146;0,36;5950,45;C
1147;4652,39;4937,52;A
1148;2830;2766,54;B
1149;7274,51;8218,99;B
1150;7705,08;2228,76;C
1151;346,75;7667,56;B
1152;9116,04;6509,5;B
1153;5156,05;895,9;A
1154;4164,6;9017,85;B
1155;1434,93;8773,06;B
1156;8396,24;5156,27;C
1157;555,89;481,76;A
1158;8616,26;4992,99;A
1159;1225,6;20,83;C
1160;562,51;2759,58;B
1161;432,29;1444,53;A
1162;9550,72;5753,7;A
1163;8753,23;9272,87;C
1164;7426,89;9456,84;A
1165;6163,23;9852,22;A
1166;6243,9;1481,06;A
1167;7943,63;3444,77;A
1168;6109,02;8620,97;C
1169;849,86;5669;C
1170;5740,5;4537,11;B
1171;9035,63;1331,09;C
1172;8368,15;4035,98;A
1173;5160,73;1773,66;C
1174;2515,4;8211,31;A
1175;6795,15;9359,55;B
1176;4702,88;4421,02;B
1177;1635,52;9294,4;C
1178;9298,48;3791,62;A
1179;3814,38;6075,64;A
1180;7119,76;835,54;A
1181;9259,16;22,35;A
1182;8312,43;670,59;A
1183;5186,4;8442,29;B
1184;489,86;526,59;A
1185;5833,13;9262,25;A
1186;6351,31;7398,45;C
1187;8215,56;3934,42;A
1188;5046,25;3285,56;A
1189;402,13;9355,27;A
1190;9798,41;2690,7;A
1191;3990,12;8554,33;B
1192;3124,91;7924,8;A
1193;594,2;7102,56;A
1194;1681,19;9526,99;C
1195;2532,85;7599,54;A
1196;4755,9;2502,27;C
1197;1895,62;7245,23;C
1198;1737,97;3524,08;C
1199;3590,11;2769,33;A
1200;7909,06;9207,89;C
1201;1489,78;1415,67;C
1202;8433,64;19,45;C
1203;2546,62;7717,22;B
1204;9312,64;6135;C
1205;9068,23;6650,07;B
1206;8152,91;6279,08;B
1207;7480,76;2476,61;A
1208;1586,92;1263,59;B
1209;3812,63;3016,93;A
1210;8163,21;8729,64;B
1211;2169,36;7119,93;B
1212;9127,76;1700,49;A
1213;5715,8;6368,4;A
1214;1925,44;4900,27;B
1215;9509,24;3796,02;A
1216;6038,45;8963,43;B
1217;1967,14;5818,2;A
1218;11,09;8498,72;C
1219;9348,55;6724,73;B
1220;2739,25;6190,35;B
1221;9534,09;6110,12;A
1222;4844,76;8356,04;B
1223;3365,8;497,4;C
1224;8486,59;5338,09;A
1225;8049;2186,26;A
1226;6995,3;1476,53;C
1227;9815,21;5426,29;B
1228;6066,64;9822,91;C
1229;1402,5;5004,82;A
1230;3594,65;5658,7;B
1231;3217,1;1403,34;A
1232;7614,5;3707,08;C
1233;183,64;1294;A
1234;6583,36;8467,89;C
1235;2211,52;6972,33;A
1236;7532,51;5930,52;C
1237;2166,2;7249,83;B
1238;7892,3;4622,61;C
1239;8467,98;5678,25;C
1240;8948,88;1478,28;A
1241;1464,3;6698,43;B
1242;9747,92;1191,16;A
1243;4257,93;3906,97;B
1244;8659,04;2957,83;A
1245;8371,74;9228,97;C
1246;6658,24;8556,24;B
1247;4588,1;4586,65;A
1248;9297,36;8014,02;B
1249;9116,12;1176,46;B
1250;5449,74;1033,85;B
1251;2528,03;2748,39;A
1252;7833,31;7509,62;B
1253;9412;934;C
1254;6904,37;8237,72;C
1255;6137,15;1911,09;A
1256;1685,82;2532,96;C
1257;5016,41;5291,42;C
1258;7661,66;5623,92;C
1259;5985,08;4665,87;C
1260;9730,26;5764,2;C
1261;7294,42;4506,47;A
1262;3125,34;650,72;C
1263;7448,6;8318,48;A
1264;2214,2;8785,52;A
1265;8111,64;3610,25;C
1266;7081,05;2673,09;C
1267;9912,4;8981,41;B
1268;7029,1;1734,09;A
1269;8983,59;3772,05;A
1270;5638,79;9864,79;C
1271;9782,44;3367,88;C
1272;8091,66;7657,8;B
1273;3595,61;5614,83;B
1274;5153,03;1699,03;B
1275;5921,06;3443,45;A
1276;5659,45;4752,53;C
1277;6579,26;5793,41;A
1278;1258,2;9620,68;A
1279;7242,09;8040,08;C
1280;8528,36;9774,67;C
1281;7722,54;4291,79;A
1282;5088,36;5040,73;B
1283;8046,1;7086,88;A
1284;3301,13;5904,87;A
1285;5319,8;6994,98;B
1286;4454,21;9542,97;A
1287;5383,61;6810,08;C
1288;3703,86;9648,6;C
1289;1943,92;7411,02;C
1290;9671,16;5334,75;B
1291;775,07;1367,29;A
1292;5285,24;3033,55;C
1293;1992,32;6119,74;C
1294;9001,03;5763,66;C
1295;5771,4;990,7;A
1296;3538,7;1771,62;B
1297;130,56;9461,55;B
1298;5785,65;3608,27;B
1299;3121,89;4658,84;A
1300;4961,09;6181,66;A
1301;1951,01;9634,24;B
1302;618,5;9503,11;B
1303;4054,65;4132,83;A
1304;5818,23;9671,84;B
1305;9700,54;8210,5;A
1306;9417,75;6485,03;B
1307;1691,05;2703,57;B
1308;2441,34;4210,27;C
1309;8555,56;3724,7;A
1310;6692,41;2833,42;B
1311;7986,09;1443,21;A
1312;5310,63;2771,83;B
1313;6278,65;8744,3;C
1314;3389,29;963,62;B
1315;3352,46;126,14;A
1316;5275,35;747,26;A
1317;4864,4;7836,6;A
1318;2700,05;2079,61;C
1319;2314,83;3846,44;B
1320;7777,55;8223,67;C
1321;3009,64;1061,69;A
1322;6278,66;1747,99;B
1323;4449,28;969,95;B
1324;7849,29;159,32;C
1325;6689,25;8577,89;B
1326;642,49;2224,44;A
1327;6769,05;4355,51;A
1328;9364,28;6129,98;A
1329;4023,18;6812,95;C
1330;378,01;6401,55;A
1331;9009,74;785,33;C
1332;366,94;9930,66;A
1333;381,82;6678,42;A
1334;8316,21;1745,5;B
1335;6342,74;1075,54;B
1336;5588,11;4928,15;C
1337;6174,76;9890,68;B
1338;4400,22;4465,38;B
1339;2807,4;3650,84;A
1340;3274,01;4226;B
1341;8581,05;7565,34;B
1342;9790,42;6549,56;B
1343;3520,04;9363,07;B
1344;6496,05;5043,35;B
1345;8689,29;2900,68;A
1346;6605,79;6353,44;B
1347;721,66;6488,08;C
1348;9695,39;2716,89;A
1349;7563,98;9270,46;A
1350;5973,07;584,44;C
1351;8943,84;1970,85;C
1352;6849,37;1044,41;A
1353;1008,14;1149,15;B
1354;1556,39;1036,91;B
1355;7941;8440,54;C
1356;9060,85;2416,55;B
1357;3319,61;524,62;C
1358;9721,18;4504,87;B
1359;7346,79;6144,29;B
1360;2440,47;3772,32;B
1361;4279,17;9656,46;C
1362;6895,66;200,97;B
1363;4402,03;5486,27;C
1364;9387,35;8113,91;A
1365;6220,74;8320,78;A
1366;5013,47;6322,51;B
1367;3536,22;7025,17;A
1368;7822,34;9923,84;A
1369;3324,87;4544,16;A
1370;7296,04;9093,68;C
1371;8254,83;7708,36;A
1372;6487,54;4934,93;B
1373;6522,96;8819,18;A
1374;627,54;563,29;C
1375;2762,4;4280,86;A
1376;7064,57;1618,43;C
1377;2278,58;559,9;C
1378;3482,87;6268,56;A
1379;1690,75;759,43;C
1380;8251,98;6126,15;C
1381;4942,97;3761,5;B
1382;2053,95;6401,32;C
1383;3295,87;9675,41;A
1384;4590,11;5441,85;A
1385;7257,24;9550,37;A
1386;2021,46;8085,65;C
1387;591,31;2109,62;C
1388;5335,21;1136,42;B
1389;8051,03;9767,12;A
1390;6866,06;5886,02;A
1391;5114,86;6381,91;C
1392;6168,29;9810,51;A
1393;9647,93;2288,13;B
1394;4983,26;3887,93;C
1395;7796,32;7622,97;A
1396;1920,58;7369,15;A
1397;5448,38;6866,96;C
1398;632,77;1418,94;C
1399;5865,52;3513,39;A
1400;7670,26;2826,8;A
1401;6359,14;7080,14;C
1402;5008,42;8472,38;B
1403;3050,56;7370,74;C
1404;6142,25;7439,55;A
1405;8580,89;5999,21;C
1406;1041;8491,05;A
1407;8586,68;3239,86;A
1408;9628,22;3229,01;A
1409;2538,91;5620,73;C
1410;3164,73;7248,35;B
1411;8510,81;5009,66;A
1412;7006,7;6534,67;C
1413;2856,55;1165,5;A
1414;8959,76;3522,95;B
1415;1902,68;1094,99;C
1416;7028,98;5506,27;A
1417;3678,44;6036,86;B
1418;7959,42;8210,24;A
1419;3359,76;6395,6;A
1420;1326,09;686,42;B
1421;9743,26;2358,84;A
1422;1886,3;3660,77;A
1423;7785,94;8257,24;A
1424;4125,9;2641,37;C
1425;8017,02;9036,03;C
1426;7451,19;1349,87;C
1427;8619,17;5002,76;B
1428;4607,93;6999,2;C
1429;1155,03;7821,39;C
1430;5517,75;4191,98;B
1431;6286,35;7207,27;C
1432;7617,3;1410,52;C
1433;9112,2;8771,54;C
1434;7505,54;2596,33;B
1435;9750,86;668,06;A
1436;7007,53;2467,34;C
1437;8256,64;2660,87;A
1438;940,6;8983,71;C
1439;1465,41;923,52;B
1440;8626,74;457,62;B
1441;8235,74;8690,46;B
1442;2066,31;8255,59;C
1443;9269,84;760,77;C
1444;3849,07;705,42;B
1445;2939,29;2822,49;B
1446;752,87;5268,97;A
1447;4781,26;2846,37;C
1448;2085,75;7710,49;C
1449;5043,43;1952,9;A
1450;3016,58;6507,67;B
1451;4603,74;7017,73;C
1452;3492,03;1943,68;A
1453;7393,43;3991,43;A
1454;4448,39;7975,21;A
1455;5786,75;1648,83;A
1456;6817,54;4266,5;C
1457;6544,76;6384,99;A
1458;3262,83;1822,97;B
1459;7800,17;4191,91;B
1460;7974;9942,69;A
1461;8274,88;8659,53;C
1462;9969,2;9982,53;C
1463;3609,05;7955,58;C
1464;2709,81;9905,19;B
1465;8824,38;3881,26;C
1466;4892,41;9886,54;A
1467;8245,35;5027,22;C
1468;8102,55;4264,36;C
1469;8564,32;1773,84;A
1470;8991,86;5533,29;A
1471;4819,28;4654,7;C
1472;7015,58;1857,19;A
1473;616,34;7781,49;B
1474;1463,99;2491,28;A
1475;1579,36;7041,03;B
1476;8347,63;4747,46;A
1477;2579,28;1444,01;A
1478;1843,43;7984,1;B
1479;8495,17;5137,16;C
1480;5219,97;47,8;A
1481;3739,52;7857,64;C
1482;7535,77;5497,66;C
1483;5608,4;7227,6;A
1484;1435,26;6219,29;C
1485;246,5;544,93;C
1486;4975,31;4901,49;C
1487;7388,11;8935,54;B
1488;7222,95;8465,43;C
1489;621,51;1156,1;A
1490;3549,37;1682,88;C
1491;6409,85;6060,4;A
1492;1726,48;6040,97;C
1493;3021,46;29,99;C
1494;2809,99;3095,93;B
1495;7258,62;3901,66;A
1496;355,73;9233,69;C
1497;9960,29;3629,76;B
1498;5835,56;2691,33;B
1499;8078,94;7369,01;C
1500;2763;2067,88;A
1501;1377,7;6157,77;A
1502;24,45;7260,18;C
1503;687,46;3718,23;B
1504;3151,54;4655,67;C
1505;5365,79;3446,8;B
1506;2834,75;5028,8;B
1507;8114,48;8158,42;C
1508;3000,98;5624,64;A
1509;1055,62;7121,62;C
1510;2533,62;5291,67;B
1511;57,83;1740,45;C
1512;5791,43;1984,14;A
1513;924,21;1845,65;C
1514;8578,6;8408,75;A
1515;5322,95;9919,74;B
1516;2219,19;9525,15;B
1517;9833,65;5575,02;B
1518;2116,76;4995,44;C
1519;7281,21;3098,94;A
1520;7822,15;7304,15;C
1521;7297,45;3289,17;B
1522;1394,81;1706,75;B
1523;4995,94;3803,91;A
1524;7119,13;361,65;B
1525;7137,53;9367,2;C
1526;6782,93;8145,47;B
1527;2929,64;3978,25;A
1528;4071,8;8846,35;C
1529;4417,14;2587,98;C
1530;1748,37;919,66;B
1531;5147,93;8897,69;C
1532;950,78;6090,44;A
1533;6608,52;5546,53;A
1534;3068,24;2542,34;A
1535;7709,95;1819,6;A
1536;1288,79;7254,79;C
1537;1430,84;785,18;B
1538;7494,38;6116,27;C
1539;4032,75;17,41;C
1540;8121,2;2031,95;B
1541;5201,93;3214,18;C
1542;4291,95;8685,93;B
1543;6551,2;5709,79;C
1544;6388,15;9472,1;C
1545;3143,28;4334,15;B
1546;6072,57;8345,69;A
1547;8631,43;2584,34;A
1548;2311,44;2466,27;B
1549;8902,05;5045,09;C
1550;3428,45;8938,07;B
1551;5031,98;7866,51;A
1552;4446,98;7725,71;B
1553;8708,35;6090,71;A
1554;8471,58;6086,89;A
1555;744,49;4270,32;B
1556;2949,27;5982,76;C
1557;105,17;7715,47;B
1558;7026,79;9394,31;B
1559;8250,14;173,55;C
1560;4604,64;3595,08;A
1561;7887,85;2815,97;C
1562;2134,25;7346,95;C
1563;4814,67;6214,05;C
1564;1508,66;3211,68;B
1565;5045,46;1220,22;B
1566;8513,49;3408,18;A
1567;7467,93;4437,42;A
1568;6356,23;3161,17;A
1569;2385,97;5458,24;C
1570;1295,6;7410,53;A
1571;8177,29;6437,39;A
1572;5149,97;1488,95;C
1573;5882,94;3989,05;C
1574;1917,67;3312,33;A
1575;7405,54;3343,13;A
1576;7112,62;2999,84;A
1577;9879,07;3056,6;B
1578;1544,27;7759,85;B
1579;8215,9;4082,03;B
1580;9739,14;5475,75;B
1581;6209,9;143,78;B
1582;2582,61;7301,37;A
1583;7064,94;7682,27;C
1584;832,45;8230,77;C
1585;993,8;5754,72;A
1586;5481,47;7602,8;C
1587;5881,4;7829,14;B
1588;1519,69;8606,44;C
1589;281,61;6543,74;A
1590;3612,6;754,88;A
1591;4986,25;6863,06;C
1592;2903,48;1947,18;A
1593;5476,09;409,06;C
1594;9701,9;9259,05;A
1595;9666;8500,42;C
1596;1841,7;2193,08;A
1597;5511,34;8939,84;C
1598;5961,01;2069,86;C
1599;551,35;2302,47;A
1600;5026,92;6641,21;A
1601;1528,01;9335,2;C
1602;8162,8;4792,13;A
1603;5301,63;9553,29;B
1604;9558,32;532,84;A
1605;6465,99;1265,87;C
1606;5783,73;3128,96;C
1607;2863,81;7596,42;A
1608;1686,62;2187,27;B
1609;1307,99;9660,35;C
1610;5288,43;9908,59;B
1611;7926,23;8625,17;A
1612;2638,3;6416,02;C
1613;1159,2;8420,01;C
1614;502,06;2097,82;C
1615;7070,49;3090,77;B
1616;7236,35;1085,54;C
1617;1326,98;3772,16;C
1618;9887,98;5219,28;C
1619;698,42;6172,39;A
1620;4875,75;1070,12;C
1621;8632,07;1677,43;C
1622;7472,48;9790,58;C
1623;7905,62;6906,2;C
1624;709,07;5019,5;A
1625;727,42;726,47;B
1626;1176,22;2351,19;C
1627;6880,02;1222,73;A
1628;7736,37;9343,95;C
1629;8715,36;7041,99;B
1630;3082,89;8602,16;A
1631;7531,85;8367,71;B
1632;1218,24;7309,49;C
1633;5194,45;3352,56;A
1634;1792,36;3685,81;A
1635;12,58;646,58;A
1636;1401,2;783,85;B
1637;7492,23;5556,03;C
1638;9709,63;4019,02;B
1639;1919,02;8903,28;B
1640;236,18;7256,79;B
1641;5979,89;7113,65;B
1642;2248,14;6686,41;C
1643;2308,53;2031,61;B
1644;7038,23;9730,94;B
1645;7030,76;7466,22;B
1646;1624,73;2336,52;B
1647;5495,96;5419,66;B
1648;6314,06;324,36;B
1649;6216,88;8486,25;C
1650;9449,92;7819,11;A
1651;3659,05;6910,98;C
1652;4607,89;5583,3;A
1653;3215,9;986,12;C
1654;1863,99;4248,72;A
1655;2761;3406,82;B
1656;5607,86;8927,83;C
1657;3953,84;7168,16;C
1658;9761,24;9942,85;C
1659;3736,49;2977,52;C
1660;9707,92;4641,86;A
1661;5778,33;6029,11;A
1662;4391,44;3614,98;B
1663;4387,74;2465,64;C
1664;3851,13;2176,76;A
1665;3921,7;9547,65;A
1666;4092,91;8822,45;A
1667;2510,93;9809,04;A
1668;7280,92;4492,37;C
1669;3986,77;237,94;B
1670;402,53;1796;A
1671;9248,72;8867,6;C
1672;5851,6;1851,69;C
1673;6200,68;1084,19;A
1674;8645,13;8638,34;C
1675;8929,32;1191,65;C
1676;7222,97;8074,14;B
1677;9188,37;6078,71;A
1678;1569,8;2500,86;A
1679;7127,26;3182,33;B
1680;7278,56;9128,94;C
1681;7604,9;8181,34;A
1682;5480,1;3519,11;A
1683;9906,18;7432,73;A
1684;4610,07;7835,26;C
1685;3371,73;675,94;C
1686;7373,85;7688,93;A
1687;6848,3;2433,26;B
1688;6761,61;9063,71;A
1689;4886,18;3131,89;A
1690;7728,11;5590,59;C
1691;5616,82;3697,86;B
1692;6319,4;6661,23;B
1693;7451,7;9365,31;B
1694;9503,31;7739,55;C
1695;4545,22;2280,83;A
1696;9938,78;2227;B
1697;7088,87;8508,23;C
1698;3214,54;678,65;B
1699;8906,53;4001,69;C
1700;7096,67;4681,78;B
1701;5894,97;1720,06;C
1702;4021,67;2391,89;B
1703;3597,7;747,33;A
1704;1215,96;4685,09;B
1705;1339,92;2430,89;A
1706;9632,03;1674,79;A
1707;9246,63;9211,14;C
1708;195,98;734,76;B
1709;697,49;8524,29;A
1710;4346,69;2994,13;C
1711;4535,51;9906,26;C
1712;3872,91;3162,51;B
1713;1452,52;1443,31;A
1714;1985,1;8858,17;A
1715;5974,76;9774,55;C
1716;7734,05;6839,01;C
1717;461,19;1054,92;C
1718;2026,6;6,1;B
1719;516,61;5691,86;C
1720;6331,5;223,77;A
1721;3680,19;2509,49;B
1722;3584,15;9782,29;B
1723;501,94;5849,48;C
1724;7083,72;7918,96;B
1725;5589,07;2676,62;C
1726;3304,25;5810,79;B
1727;5457,19;7780,52;C
1728;5078,42;1597,35;A
1729;7335,44;7352;C
1730;7649,45;1393,29;A
1731;6883,41;9557,09;C
1732;7077,14;839,74;B
1733;54,07;2943,12;C
1734;1524,86;2076,19;A
1735;452,96;253,3;B
1736;9792,71;389,78;C
1737;708,05;5709,04;B
1738;4975,62;5292,23;C
1739;4463,31;5475,29;A
1740;3356,35;295,48;A
1741;3943,2;1662,13;B
1742;1409,62;3844,41;C
1743;9499,59;7741,14;A
1744;4363,9;1213,34;A
1745;2158,65;1014,13;B
1746;4183,12;858,44;A
1747;3044,48;2987,22;C
1748;7235,94;7150,18;B
1749;3724,08;4839,27;B
1750;8405,49;9756,13;A
1751;9380,89;4093,85;C
1752;3035,02;5058,77;B
1753;6660,65;2924,42;A
1754;959,49;3142,47;A
1755;4375,67;9828,62;B
1756;7260,8;4860,4;C
1757;4034,93;6213,08;A
1758;2803,62;996,37;B
1759;3713,93;6675,6;C
1760;9993,43;721,25;B
1761;3686,01;4313,31;A
1762;3813,45;2895,36;B
1763;3822,46;6413,32;B
1764;2775,7;3965,42;C
1765;3748,94;347,75;C
1766;2792,98;5909,22;B
1767;3215,12;9607,2;C
1768;8070,19;4209,13;C
1769;3496,11;2782,37;B
1770;411,26;5714,06;A
1771;8349,51;4449,04;C
1772;9979,18;90,27;A
1773;8815,86;2872,87;B
1774;8327,52;891,98;A
1775;8180,34;3736,96;C
1776;7793,72;5455,43;B
1777;5143,18;5853,82;C
1778;2005,62;9035,54;A
1779;1430,55;4625,58;C
1780;8831,91;2969,62;A
1781;9266,67;4082,01;B
1782;5966,19;1364,88;A
1783;9324,62;6184,28;C
1784;5337,54;5713,62;A
1785;8772,93;9703,54;B
1786;4175,14;4367,84;C
1787;1792,02;4114,91;C
1788;3801,24;5069,08;A
1789;9205,11;7909,04;B
1790;8131,26;8524,2;A
1791;1636,22;3578,97;B
1792;2835,12;6379,84;B
1793;8787,68;1474,04;A
1794;8026,19;7910,17;C
1795;5,87;3520,79;A
1796;7398,04;8993,64;C
1797;7328,54;9455,24;B
1798;49,94;1730,03;B
1799;4,63;2311,11;A
1800;3321,21;4524,95;C
1801;3156,55;3838,52;A
1802;3571,03;3830,05;B
1803;9790,96;9781,09;C
1804;5495,53;1177,19;B
1805;4623,96;3711,37;B
1806;1505,37;4625,16;B
1807;9681,48;7721,34;A
1808;9858,94;8483,49;C
1809;1800,16;2804,37;A
1810;7179,35;2506,33;B
1811;320,38;4971,89;B
1812;9130,47;3455,08;C
1813;7865,93;8922,83;C
1814;9888,29;6519,3;C
1815;7771,04;2452,77;B
1816;7529,72;4148,64;B
1817;7375,95;9694,38;B
1818;3833,59;6837,44;A
1819;7211,19;9382,65;A
1820;5674,89;1571,3;A
1821;7930,87;1175,64;A
1822;5187,43;4838,44;C
1823;8894,09;2235,49;C
1824;243,34;3551,07;A
1825;1596,23;1097,21;C
1826;3697,13;9913,39;B
1827;5248,89;1543,83;B
1828;5383;9719,59;C
1829;6387,9;5437,54;B
1830;8279,3;3754,19;A
1831;7468,88;7758,89;A
1832;4896,91;534,73;C
1833;3881,07;2723,31;B
1834;9137,39;9458,2;B
1835;549,37;3501,46;A
1836;1031,06;9181,38;A
1837;5953,83;3356,27;A
1838;583,9;9232,95;C
1839;9246,78;7496,11;B
1840;3086,54;7913,81;B
1841;1220,01;3544,2;C
1842;7313,68;2052,53;C
1843;3602,87;31,82;A
1844;3285,7;1875,13;C
1845;9333,31;3366,98;C
1846;3048,48;5898,64;A
1847;4634,99;3231,54;C
1848;2639,84;8576,35;A
1849;3284,31;4590,16;C
1850;9922,76;41,67;C
1851;678,63;7730,53;B
1852;2634,07;4649,87;B
1853;8211,22;1561,22;A
1854;3366,33;4626,57;A
1855;4442,69;5681,58;A
1856;8328,2;9915,82;A
1857;2076,2;9943,32;A
1858;1313,43;514,04;B
1859;5970,7;8679,49;C
1860;2445,85;419,79;C
1861;8870,46;8098,35;C
1862;4383,3;3989,17;C
1863;3275,14;8678,64;A
1864;8547,96;6995,14;C
1865;8112,92;7615,59;B
1866;1974,34;1249,45;A
1867;2618,81;890,12;C
1868;5498,2;3196,56;A
1869;8091,89;8499,54;B
1870;9160,61;3752,8;A
1871;9357,77;1318,26;B
1872;4227,06;4847,22;C
1873;7801,6;9773,84;A
1874;5006,02;4181,58;A
1875;1443,88;8047,09;C
1876;7386,36;2295,19;C
1877;6318,26;1315,54;B
1878;6367,57;9404,16;A
1879;488,63;4965,87;C
1880;1435,49;3969,46;B
1881;8959,52;1374,73;C
1882;127,79;127,04;C
1883;7810,58;3146,43;C
1884;1804,82;4005;A
1885;5425,94;3716,42;B
1886;3369,07;8153,37;C
1887;3405,77;9414,35;C
1888;9394,25;503,42;A
1889;9201,52;4314,26;A
1890;555,17;1891,03;B
1891;922,54;899,11;C
1892;274,05;5521,53;A
1893;9335,97;9782,59;B
1894;7470,97;8728,21;B
1895;5257,32;6257,18;C
1896;1702,68;7422,01;B
1897;781,63;7977,75;A
1898;174,85;849,14;A
1899;112,29;5555,87;C
1900;6637,51;2519,72;A
1901;6059,89;5037,96;C
1902;7636,78;7099,91;A
1903;6775,21;1476,49;C
1904;8645,45;9155,17;A
1905;16,19;7752,57;C
1906;1807,69;6066,68;B
1907;9535,57;5425,31;A
1908;8320,22;4435,15;B
1909;1349,68;2566,99;A
1910;6839,28;8290,25;A
1911;4193,83;3606,09;C
1912;283,96;5075,01;A
1913;4010,43;9652,79;C
1914;2957,79;5282,75;A
1915;3498;8505,4;C
1916;2994,64;3206,2;C
1917;737,58;9490,59;C
1918;1565,1;4121,46;C
1919;8175,42;4541,95;A
1920;4983,77;5128,56;B
1921;6606,78;9157,08;B
1922;732,35;8055,66;B
1923;7524,17;9384,99;A
1924;550,19;5287,27;C
1925;8591,27;6508,93;C
1926;1524,88;3405,92;B
1927;6824,62;7305,13;A
1928;8920,85;8640,8;C
1929;4570,63;4011,86;B
1930;6106,36;3569,41;C
1931;4195,55;9905,48;A
1932;8651,58;8410,29;A
1933;1726,77;8160,86;B
1934;9959,54;125,13;C
1935;8354,06;997,53;B
1936;7219,32;840,27;A
1937;7925,11;7168,08;C
1938;7236,83;2449,28;B
1939;5235,16;1722,47;B
1940;6574,32;4762,71;A
1941;2184,5;944,77;A
1942;8978,86;597,67;B
1943;4379,11;1759,24;A
1944;178,78;920,77;A
1945;7246,72;2675,77;C
1946;8935,51;9467,4;C
1947;8454,38;9407,04;A
1948;2043,4;4672,56;A
1949;1410,89;6062,65;A
1950;2964,74;7892,15;C
1951;1028,8;224,81;A
1952;366,27;586,03;A
1953;1259,47;3327,1;A
1954;4345,47;9695,68;C
1955;1175,48;4140,15;A
1956;4957,76;3407,12;A
1957;4692,81;6583,86;A
1958;7228,44;2581,08;B
1959;5987,71;4393,78;B
1960;8926,46;829,98;B
1961;3527,39;6174,58;A
1962;8021,75;7689,56;B
1963;6889,31;8335,67;C
1964;4281,79;7433,05;A
1965;191,42;9920,28;B
1966;389,85;757,23;B
1967;3311,8;2996,3;B
1968;8515,32;6671,9;A
1969;5807,72;8080,11;B
1970;7548,12;9144,61;C
1971;6336,38;7666,05;C
1972;871,29;4150,49;A
1973;7292,34;1976,26;C
1974;6066,39;9856,76;B
1975;3496,98;24,13;A
1976;6492,83;3708,44;C
1977;8237,47;2943,06;B
1978;3506,57;4790,15;C
1979;7689,95;1619,52;B
1980;2702,39;9627,35;C
1981;1165,75;8071,97;C
1982;1415,89;6725,45;B
1983;2474,83;7130,25;B
1984;5712,23;8441,52;B
1985;7074,67;6665,92;A
1986;2940,56;3502,48;C
1987;2260,68;1228,54;A
1988;120,2;4136,33;B
1989;4712,54;7677,36;A
1990;9860,68;321,74;B
1991;1067,08;9896,69;C
1992;4236,51;9632,79;A
1993;1326,97;5481,88;C
1994;7240,55;8807,49;B
1995;4730,52;3569,04;B
1996;6499,69;2443,78;B
1997;4791,6;9549,62;C
1998;7814,92;3726,75;C
1999;2045,79;8478,51;A
2000;2388,82;9394,35;C
2001;1238,86;8800,87;A
2002;1012,07;7647,91;A
2003;3972,29;5330,33;A
2004;716,84;9241,4;B
2005;7185,57;9172,92;A
2006;2876,01;9861,7;A
2007;1973,88;9696,78;B
2008;2400,28;8761,9;B
2009;7417,2;6947,75;A
2010;4669,16;2851,99;C
2011;1179,44;7821,24;A
2012;3999,72;391,09;C
2013;7094,88;9819,91;B
2014;6455,34;5233,89;B
2015;4307,26;3713,8;A
2016;3074,96;2089,72;C
2017;5867,9;8115,04;B
2018;7545,67;866,05;A
2019;3805,61;7856,38;C
2020;9973,13;4579,02;C
2021;4141,48;3062,85;B
2022;6518,36;9941,07;A
2023;722,04;9423,11;A
2024;3123,98;864,75;B
2025;4118,62;9567,3;C
2026;9561,33;8218,49;C
2027;2398,46;6946,08;C
2028;2991,96;8569,69;A
2029;3686,23;3152,53;B
2030;699,43;9871,38;A
2031;754,68;2502,16;B
2032;1393,14;8129,09;B
2033;9690,07;5981,98;B
2034;1818,23;536,19;B
2035;9996,81;3820,64;B
2036;2480,72;3040,79;B
2037;7552,33;9300,28;C
2038;1471,4;7610,85;B
2039;443,9;3837,77;A
2040;7454,89;7975,75;A
2041;2025,68;9169,89;C
2042;1991,29;9097,56;C
2043;1429,55;1013,37;B
2044;6867,91;5574,76;B
2045;1917,44;6066,32;C
2046;7873,4;2782,76;A
2047;136,28;7868,9;C
2048;9429,5;1305,21;B
2049;5477,87;5567,49;B
2050;3444,67;5589,48;A
2051;4228,05;2684,8;B
2052;3605,75;7015,06;B
2053;3832,71;8164,91;B
2054;5470,88;4425,72;B
2055;3453,05;6011,62;B
2056;4168,11;9803,16;C
2057;6929,18;8756,51;A
2058;3844,86;3258,72;A
2059;4473,5;5823,62;B
2060;3360,24;9940,18;C
2061;1527,84;6543,41;C
2062;4697,43;4288,33;A
2063;3496,53;960,34;A
2064;8855,78;4139,12;A
2065;1041,35;6569,13;C
2066;7536,69;7179,14;C
2067;690,86;3881,24;A
2068;4134,11;1530,17;C
2069;1883,53;4509,22;B
2070;9065,8;1795,42;C
2071;3823,91;1547,97;B
2072;8231,88;4914;C
2073;7756,51;417,77;A
2074;4909,27;720,64;C
2075;5407,89;2400,5;C
2076;1383,56;3246;B
2077;5797,53;7231,44;A
2078;1134,19;4930,81;B
2079;9755,18;6520,78;B
2080;2782,89;3332,73;C
2081;9471,06;809,53;A
2082;6626,29;7751,05;A
2083;3675,77;5225,77;C
2084;6754,27;70,63;C
2085;1262,54;8839,08;A
2086;3072,85;2436,12;B
2087;358,36;8437,09;A
2088;4423,84;7943,02;A
2089;1171,31;6468,44;B
2090;8502,87;3455,13;B
2091;3535,44;1398,8;A
2092;7668,79;5715,1;C
2093;6022,69;7257,7;C
2094;6677,34;7275,65;B
2095;7367,92;9633,99;C
2096;2071,89;6145,62;A
2097;7010,82;7666,18;C
2098;9270,32;9124,02;A
2099;2649,22;1583,85;C
2100;2351,89;4768,9;B
2101;6183,19;1103,26;B
2102;8891,86;5572,38;C
2103;8155,95;8132,69;A
2104;6611,74;6534,76;B
2105;6345,76;7389,14;A
2106;3182,04;8086,9;B
2107;9414,5;1341,91;A
2108;9602,28;3407,08;B
2109;7888,66;3661,97;C
2110;1074,98;3008,89;B
2111;265,7;1548,11;C
2112;3272,71;8479,89;B
2113;3370,26;3983,86;C
2114;197,82;2641,43;A
2115;7213,28;3601,06;C
2116;3140,02;9529,92;C
2117;5272,88;384,59;B
2118;8577,68;7283,77;A
2119;5044,73;3694,74;A
2120;8985,84;494,45;B
2121;4228,51;3118;A
2122;2956,15;7169,09;A
2123;5371,75;3142,8;B
2124;4500,55;3537,61;B
2125;7018,64;4863,38;B
2126;5048,82;4659,53;A
2127;3546,85;4371,38;C
2128;1342,21;8124,8;C
2129;4340,45;5035,46;B
2130;7452,49;9865,38;A
2131;6760,44;8455,3;B
2132;6928,64;845,27;C
2133;6656,11;6784,84;A
2134;6306,41;2060,97;B
2135;7564,98;2945,97;B
2136;416,52;5558,87;C
2137;5217,33;6042,12;A
2138;3373,75;1854,57;A
2139;3715,41;6019,19;C
2140;5034;6857,48;C
2141;1646,43;1281,2;A
2142;4444,02;3422,48;C
2143;3588,75;5819,26;C
2144;6630,9;590,89;C
2145;6500,39;3600,94;A
2146;4586,36;669,23;C
2147;7736,19;2398,06;A
2148;276,69;2102,56;B
2149;3809,19;8603,44;B
2150;990,19;2742,17;C
2151;9759,95;7162,83;B
2152;6572,7;2293,05;A
2153;7138,06;9708,41;A
2154;7946,34;7050,23;C
2155;7894,35;8203,81;B
2156;631,86;7830,53;A
2157;2655,55;5176,13;C
2158;3265,72;332,22;C
2159;9494,53;9075,24;B
2160;3667,19;6432,94;B
2161;1686,75;7455,59;A
2162;4577,5;2407,83;A
2163;4693,87;2738,2;A
2164;9050,22;9048,24;C
2165;1729,68;4715,68;B
2166;2956,66;664,26;B
2167;8723,02;9224,87;A
2168;3510,88;5286,42;B
2169;4384,46;8215,75;B
2170;4627,4;744,56;A
2171;8675,93;3283,76;B
2172;9739,52;5323,09;C
2173;8960,21;8045,82;A
2174;5650,9;2198,85;B
2175;6703,59;1063,81;B
2176;1245,43;9088,96;B
2177;3795,1;7472,89;A
2178;4569,8;4343,72;B
2179;3201,29;6429;C
2180;7575,08;1862,31;B
2181;5905,64;8536,25;A
2182;2117,58;7924,11;B
2183;2654,64;9873,67;C
2184;7820,01;859,82;A
2185;4335,79;987,47;A
2186;3646,19;553,51;C
2187;8301,78;3217,17;B
2188;6998,97;2930,63;C
2189;6424,47;2055,72;B
2190;7823,09;5770,73;C
2191;7077,62;477,25;A
2192;7590,01;1924,27;A
2193;3905,86;3936,14;B
2194;5134,6;5490,17;A
2195;2347,55;7743,51;B
2196;1103,84;5230,01;C
2197;8992,48;1268,83;C
2198;9214,74;9529,22;B
2199;7421,47;9970,58;B
2200;4861,21;1906,06;A
2201;7187,53;4556,05;C
2202;780,56;2501,24;B
2203;9021,27;9450,8;C
2204;4050;9926,96;B
2205;424,84;7889,65;B
2206;3922,51;6990,5;B
2207;9706,81;6019,17;C
2208;987,8;8465,62;B
2209;5925,8;9964,98;C
2210;8094,93;7518,42;C
2211;5856,32;9472,92;A
2212;5900,82;4847,41;A
2213;8977,7;4509,98;C
2214;9868,39;712,06;C
2215;7542,43;3170,56;C
2216;3379,88;7872,99;B
2217;8561,26;6701,53;A
2218;8268,01;8195,73;A
2219;7538,52;9653,77;B
2220;6267,68;8693,89;A
2221;4226,28;1786,16;B
2222;3553,56;8851,58;A
2223;6463,64;7290,1;C
2224;7269,29;1909,02;B
2225;1604,2;9788,62;A
2226;1890,7;7389,36;A
2227;5286,07;2590,13;B
2228;6442,17;3453,44;B
2229;8287,98;8149,66;B
2230;8025,8;8977,67;A
2231;1558,02;2924,76;A
2232;529,76;6779,92;B
2233;1824,04;6254,15;A
2234;7036,99;2015,72;C
2235;8651,29;2519,39;A
2236;5195,39;6528,64;A
2237;1057,21;2421,09;C
2238;6685,01;2005,42;C
2239;4069,9;167,44;A
2240;929,21;8018,15;C
2241;624,47;7446,87;C
2242;1679,7;9994,61;C
2243;4802,32;1979,75;C
2244;8437,7;6905,35;C
2245;2278,77;2262,5;A
2246;3662,82;9098,23;A
2247;2711,58;7513,55;C
2248;7855,77;1263,69;A
2249;699,38;2186,15;A
2250;699,78;8854,76;B
2251;7052,43;6376,97;A
2252;1585,32;3430,93;A
2253;8469,68;9855,25;A
2254;3897,69;8456,9;A
2255;7771,95;1763,39;B
2256;7578,15;8421,25;B
2257;3705,59;8728,67;A
2258;3209,21;3481,96;C
2259;1881,53;855,34;B
2260;9780,25;7574,91;A
2261;3859,93;6433,21;B
2262;9253,87;6746,56;C
2263;3963,98;1498,02;B
2264;7724,52;6315,74;A
2265;8336,24;8505,21;C
2266;3229,66;8255,21;A
2267;6850,46;9043,24;A
2268;2106,45;9244;B
2269;7616,09;4822,64;A
2270;7040,33;2177,27;C
2271;8080,33;1825,03;C
2272;6612,38;600,11;C
2273;6484,03;9604,01;A
2274;992,45;850,2;A
2275;4626,27;4152,55;A
2276;9843,17;400,52;A
2277;8333;5508,42;A
2278;206,74;3613,77;C
2279;1601,44;8640,97;B
2280;8673,81;5712,03;B
2281;4918,58;1060,13;C
2282;7983,12;6301,19;A
2283;516,17;8541,17;A
2284;6793,12;2968,58;A
2285;7598,33;6080,65;C
2286;9407,18;7215,51;A
2287;5742,08;8087,12;A
2288;2891,54;5788,7;B
2289;6985,37;481,28;C
2290;4537,35;5054,46;C
2291;1118,28;6503,8;C
2292;1967,46;7617,53;B
2293;3973,78;5526,7;A
2294;3802,74;366,97;B
2295;1116,43;7502,85;B
2296;6131,07;7525,61;C
2297;2444,39;7821,76;A
2298;9832,73;2687,5;A
2299;3306,09;9393,67;B
2300;7205,56;1501,3;C
2301;9416,93;2802,09;B
2302;3552,87;3123,55;A
2303;95,85;6387,78;B
2304;503,58;8679,84;C
2305;9368,8;2460,34;A
2306;9570,52;703,45;B
2307;5057,08;3865,39;A
2308;7956,5;3264,6;B
2309;6314,79;4345,48;C
2310;9355,3;3691,13;C
2311;5232,38;339,15;B
2312;4861,61;3464,81;C
2313;4790,39;2553,8;B
2314;9888,89;5026,68;B
2315;3088,64;4217,43;A
2316;5289,12;644,45;A
2317;9146,75;2204,77;B
2318;3636,87;1958,01;B
2319;8707,19;1193,21;B
2320;986,87;1811,11;C
2321;9033,6;5099,99;C
2322;672,12;5776,61;B
2323;6071,71;547,09;C
2324;7095,88;5297,68;C
2325;6989,98;8923,4;A
2326;1718,45;3289,55;B
2327;976,48;2021,43;C
2328;1238,46;4552,59;B
2329;5337,36;6522,33;C
2330;161,12;7808,82;A
2331;6550,98;4311,97;A
2332;6361,31;3261,84;B
2333;729,54;5300,8;C
2334;2797,74;6180,55;A
2335;3092,09;3291,56;C
2336;99,5;4559,62;C
2337;7922,15;7909,28;A
2338;8001,73;8892,71;A
2339;6563,23;9664,52;A
2340;8070,32;5489,01;C
2341;4818,75;5965,28;C
2342;1332,79;5756,16;A
2343;4489,03;9543,19;C
2344;1124,39;4420,47;B
2345;1571,75;4736,61;C
2346;3451,32;1310,95;B
2347;9126,34;1978,24;C
2348;8118,67;5481,71;C
2349;7795,03;6177,95;A
2350;2690,16;4386,14;B
2351;5273,52;9936,41;A
2352;4101,73;7921,46;C
2353;7534,51;2453,06;B
2354;5629,45;3256,93;A
2355;542,58;2462,54;C
2356;9476,94;8149,71;A
2357;7878,97;6228,08;A
2358;2194,05;1506,27;B
2359;1834,59;8683,19;A
2360;4429,85;4098,67;C
2361;2973,32;9068,12;A
2362;9389,89;5769,14;C
2363;130,94;4809,36;A
2364;3286,72;6647,02;C
2365;3020,16;4714,85;C
2366;1819,98;6324,42;B
2367;8219,58;6539,97;B
2368;8189,52;2046,78;B
2369;385,16;1830,46;A
2370;3644,55;4445,73;C
2371;8500,16;5970,25;B
2372;877,43;5745,56;C
2373;5639,89;4178,46;C
2374;9508,99;9607,8;C
2375;9596,89;586,6;B
2376;4578,08;5788,62;A
2377;5866,69;2918,74;B
2378;5141,72;5301,27;A
2379;5444,51;9069,81;B
2380;6562,55;9050,23;B
2381;557,02;8375,96;C
2382;3362,5;6943,53;A
2383;2716,57;7072,85;A
2384;6335,64;9505,47;C
2385;1847,46;2378,37;B
2386;5031,34;3161,59;C
2387;6741,39;2644,24;A
2388;2512,24;7063,76;C
2389;9274,95;6054,97;B
2390;5011,35;6474,22;C
2391;8421,76;6958,14;C
2392;698,83;8720,8;C
2393;4497,52;6830,06;C
2394;5637,21;8437,39;A
2395;5038,28;8315,01;C
2396;1944,99;6653,76;A
2397;9218,52;9856,59;C
2398;6815,67;6666,32;A
2399;3630,3;8515;B
2400;4122,63;7077,39;C
2401;4064,95;2267,54;A
2402;3108,59;4326,25;B
2403;6506,88;3987,21;B
2404;8247,13;4927,45;A
2405;1284,62;9659,97;B
2406;6504,54;9118,63;A
2407;4366,93;2515,56;C
2408;3404,26;8508,24;B
2409;3261,15;3131,87;A
2410;9080,32;4739,47;B
2411;6718,8;6542,64;C
2412;2702,73;9972,09;C
2413;9603,66;2209,84;C
2414;5589,19;6345,52;C
2415;5,98;1020,87;B
2416;9980,58;6851,09;B
2417;239;567,53;C
2418;8767,02;4983,4;C
2419;713,83;3778,94;A
2420;8158,32;2933,83;A
2421;9040,28;8264,29;C
2422;2669,42;1038,24;C
2423;5402,85;1640,66;A
2424;4391,49;8167,3;B
2425;9225,18;6915,58;B
2426;9970,21;9329,93;B
2427;120,53;8881,47;A
2428;6023,48;1547,9;C
2429;5844,31;3743,62;A
2430;7007,05;1264,42;B
2431;4007,76;698,98;A
2432;478,81;4782,9;A
2433;8765,73;2861,03;A
2434;234,44;1549,09;C
2435;6860,62;8050,12;C
2436;5402,86;7204,74;A
2437;8241,21;3347,99;C
2438;6170,33;1956,02;A
2439;2769,88;2445,93;C
2440;1770,75;9553,78;B
2441;3008,11;2642,69;C
2442;7861,48;4960,13;B
2443;607,54;5450,03;B
2444;1134,5;8266,43;C
2445;4713,12;5054,62;C
2446;1512,29;9821,65;C
2447;3291,21;1361,15;C
2448;7361,13;6981,47;B
2449;6607,12;4901,58;A
2450;3467,25;3131,76;C
2451;7884,66;5275,21;C
2452;7774,75;6436,81;C
2453;2154,77;3354,24;B
2454;8031,02;8241,93;A
2455;4108,16;2269,72;B
2456;4294,29;2330,32;C
2457;3351,29;8144,6;A
2458;410,6;9808,57;A
2459;8995,64;6102,14;A
2460;8125,06;378,94;B
2461;9,41;426,9;A
2462;8555,57;4948,89;C
2463;2834,28;1616,53;C
2464;5782,87;6948,11;A
2465;6803,27;2585,2;A
2466;1472,77;7648,43;C
2467;3178,74;5083,29;B
2468;4317,31;309,41;C
2469;4456,93;179,63;C
2470;677,99;1562,66;A
2471;6159,65;519,73;C
2472;8912,56;184,8;C
2473;9612,83;2720,36;B
2474;9384,34;4780,45;C
2475;2182,02;3002,6;B
2476;7188,44;9405,65;C
2477;9635,22;8149,49;A
2478;4945,88;8434,39;A
2479;357,1;7736,77;A
2480;6975,6;3453,71;C
2481;5690,33;8400,75;C
2482;7127,99;7540,88;A
2483;676,1;5630,64;B
2484;4382,8;3497,13;B
2485;8080,32;3417,52;A
2486;446,87;7275,74;B
2487;3985,06;9657,33;B
2488;801,93;3050,14;B
2489;1436,64;9668,37;C
2490;8226,54;6642,46;B
2491;3677,07;5963,7;B
2492;5086,24;9588,59;B
2493;8915,04;4358,48;C
2494;6053,29;1114,35;C
2495;4996,94;5885,85;A
2496;7487,03;4304,41;A
2497;1589,73;9246,62;A
2498;762,01;2798,8;A
2499;2176,17;9234,33;A
2500;8658,79;2462,38;B
