matricula;nombre_trip
1613643118;Carissa
1888519394;Makena
1316787792;Bryon
1928584992;Alexa
1633627658;Sienna
1271811096;Julian
1165517337;Candace
2130478654;Roger
1118075597;Marilyn
1775411958;Ramon
1613643118;Danny
1888519394;Clint
1316787792;Chelsea
1928584992;Lucas
1633627658;Fiona
1271811096;Carl
1165517337;Manuel
2130478654;Kieth
1118075597;Harvey
1775411958;Ema
1613643118;Davina
1888519394;Joseph
1316787792;Ryan
1928584992;Adeline
1633627658;Camden
1271811096;Tyler
1165517337;Holly
2130478654;Bridget
1118075597;Sloane
